{
  "metadata": {
    "description": "Bayesian Network for Cascading Disasters",
    "parameters": {
      "time_window_hours": 72,
      "distance_threshold_km": 50,
      "sample_size": 15000
    },
    "disaster_types": [
      "earthquake",
      "fire",
      "industrial accident",
      "flood",
      "hurricane"
    ],
    "severity_categories": [
      "low",
      "medium",
      "high"
    ]
  },
  "first_order_cpd": {
    "earthquake": {
      "all": {
        "earthquake": 0.19520432286389733,
        "fire": 0.1999324552516042,
        "industrial accident": 0.20027017899358324,
        "flood": 0.2016210739614995,
        "hurricane": 0.20297196892941574
      },
      "low": {
        "earthquake": 0.20383451059535823,
        "fire": 0.1927346115035318,
        "industrial accident": 0.2129162462159435,
        "flood": 0.19677093844601412,
        "hurricane": 0.19374369323915236
      },
      "medium": {
        "earthquake": 0.17707267144319344,
        "fire": 0.20573183213920163,
        "industrial accident": 0.19959058341862845,
        "flood": 0.2067553735926305,
        "hurricane": 0.21084953940634596
      },
      "high": {
        "earthquake": 0.20443101711983888,
        "fire": 0.2014098690835851,
        "industrial accident": 0.18831822759315206,
        "flood": 0.2014098690835851,
        "hurricane": 0.20443101711983888
      }
    },
    "fire": {
      "all": {
        "earthquake": 0.19536757301107754,
        "fire": 0.18764686136287345,
        "industrial accident": 0.21785834172541121,
        "flood": 0.20443101711983888,
        "hurricane": 0.19469620678079894
      },
      "low": {
        "earthquake": 0.18346774193548387,
        "fire": 0.18649193548387097,
        "industrial accident": 0.22278225806451613,
        "flood": 0.21875,
        "hurricane": 0.18850806451612903
      },
      "medium": {
        "earthquake": 0.21052631578947367,
        "fire": 0.17874875868917578,
        "industrial accident": 0.21251241310824232,
        "flood": 0.19563058589870905,
        "hurricane": 0.2025819265143992
      },
      "high": {
        "earthquake": 0.19183673469387755,
        "fire": 0.19795918367346937,
        "industrial accident": 0.21836734693877552,
        "flood": 0.1989795918367347,
        "hurricane": 0.19285714285714287
      }
    },
    "industrial accident": {
      "all": {
        "earthquake": 0.18879533678756477,
        "fire": 0.20757772020725387,
        "industrial accident": 0.20725388601036268,
        "flood": 0.19980569948186527,
        "hurricane": 0.19656735751295337
      },
      "low": {
        "earthquake": 0.18682399213372664,
        "fire": 0.20943952802359883,
        "industrial accident": 0.21730580137659783,
        "flood": 0.2025565388397247,
        "hurricane": 0.18387413962635202
      },
      "medium": {
        "earthquake": 0.19642857142857142,
        "fire": 0.19830827067669174,
        "industrial accident": 0.20582706766917294,
        "flood": 0.20676691729323307,
        "hurricane": 0.19266917293233082
      },
      "high": {
        "earthquake": 0.182720953326713,
        "fire": 0.21549155908639522,
        "industrial accident": 0.19860973187686196,
        "flood": 0.18967229394240318,
        "hurricane": 0.2135054617676266
      }
    },
    "flood": {
      "all": {
        "earthquake": 0.1928115552569701,
        "fire": 0.1944910984212294,
        "industrial accident": 0.2183406113537118,
        "flood": 0.2032247228753779,
        "hurricane": 0.19113201209271077
      },
      "low": {
        "earthquake": 0.1903807615230461,
        "fire": 0.20240480961923848,
        "industrial accident": 0.22745490981963928,
        "flood": 0.19839679358717435,
        "hurricane": 0.1813627254509018
      },
      "medium": {
        "earthquake": 0.19739478957915832,
        "fire": 0.1843687374749499,
        "industrial accident": 0.22344689378757515,
        "flood": 0.20440881763527055,
        "hurricane": 0.1903807615230461
      },
      "high": {
        "earthquake": 0.1906218144750255,
        "fire": 0.1967380224260958,
        "industrial accident": 0.2038735983690112,
        "flood": 0.2069317023445464,
        "hurricane": 0.2018348623853211
      }
    },
    "hurricane": {
      "all": {
        "earthquake": 0.19165275459098496,
        "fire": 0.19065108514190318,
        "industrial accident": 0.20267111853088482,
        "flood": 0.21435726210350584,
        "hurricane": 0.2006677796327212
      },
      "low": {
        "earthquake": 0.178743961352657,
        "fire": 0.17971014492753623,
        "industrial accident": 0.20772946859903382,
        "flood": 0.221256038647343,
        "hurricane": 0.21256038647342995
      },
      "medium": {
        "earthquake": 0.1985670419651996,
        "fire": 0.20061412487205732,
        "industrial accident": 0.20061412487205732,
        "flood": 0.21494370522006143,
        "hurricane": 0.18526100307062435
      },
      "high": {
        "earthquake": 0.19837232960325535,
        "fire": 0.19226856561546288,
        "industrial accident": 0.19938962360122076,
        "flood": 0.20651068158697863,
        "hurricane": 0.2034587995930824
      }
    }
  },
  "second_order_cpd": {
    "earthquake": {
      "earthquake": {
        "earthquake": 0.18685121107266436,
        "fire": 0.20242214532871972,
        "industrial accident": 0.185121107266436,
        "flood": 0.21280276816608998,
        "hurricane": 0.21280276816608998
      },
      "fire": {
        "earthquake": 0.20270270270270271,
        "fire": 0.17736486486486486,
        "industrial accident": 0.2179054054054054,
        "flood": 0.22297297297297297,
        "hurricane": 0.17905405405405406
      },
      "industrial accident": {
        "earthquake": 0.20236087689713322,
        "fire": 0.20404721753794267,
        "industrial accident": 0.23608768971332209,
        "flood": 0.16188870151770657,
        "hurricane": 0.19561551433389546
      },
      "flood": {
        "earthquake": 0.21775544388609716,
        "fire": 0.19095477386934673,
        "industrial accident": 0.19430485762144054,
        "flood": 0.21775544388609716,
        "hurricane": 0.17922948073701842
      },
      "hurricane": {
        "earthquake": 0.1913477537437604,
        "fire": 0.1930116472545757,
        "industrial accident": 0.18469217970049917,
        "flood": 0.23460898502495842,
        "hurricane": 0.19633943427620631
      }
    },
    "fire": {
      "earthquake": {
        "earthquake": 0.23367697594501718,
        "fire": 0.15120274914089346,
        "industrial accident": 0.20618556701030927,
        "flood": 0.21477663230240548,
        "hurricane": 0.19415807560137457
      },
      "fire": {
        "earthquake": 0.18962432915921287,
        "fire": 0.17889087656529518,
        "industrial accident": 0.24865831842576028,
        "flood": 0.19499105545617174,
        "hurricane": 0.18783542039355994
      },
      "industrial accident": {
        "earthquake": 0.18489984591679506,
        "fire": 0.19568567026194145,
        "industrial accident": 0.20184899845916796,
        "flood": 0.2110939907550077,
        "hurricane": 0.20647149460708783
      },
      "flood": {
        "earthquake": 0.21674876847290642,
        "fire": 0.19376026272577998,
        "industrial accident": 0.2200328407224959,
        "flood": 0.21018062397372742,
        "hurricane": 0.1592775041050903
      },
      "hurricane": {
        "earthquake": 0.18620689655172415,
        "fire": 0.1706896551724138,
        "industrial accident": 0.22241379310344828,
        "flood": 0.22241379310344828,
        "hurricane": 0.19827586206896552
      }
    },
    "industrial accident": {
      "earthquake": {
        "earthquake": 0.21269296740994853,
        "fire": 0.20240137221269297,
        "industrial accident": 0.21612349914236706,
        "flood": 0.1783876500857633,
        "hurricane": 0.19039451114922812
      },